rellstyleznj,
the_pampered_potanist,
pickles_osiris,
sweetestoftarts,
cbdpro_herbalguide,
xxgreenthumbxx,
thecloudrat_avp,
wild_hippiechild,
bloomingg_budss,
ubuy_buds_wedeliver,
420_710lab,
cartridges_batteries_wholesale,
ston3r4207,
cali_sungrown_4.2.0,
cannabislounge88,
thc_everyday,
nkehbeda,
capn_black,
ganjahello,
weedweare,
kai_carts_batteries,
nug_runner,
puff_on_this_mackymack3,
chief_loud_llc,
a.r.pipe,
yibenyiwan,
fu.moon_baby,
ltd004,
imgospel_of_matthew,
parishoftranquility,
weeeda.420,
bellamarle420,
withlovescience,
high_society_stoners,
therealkushtube,
official_weed_time,
weyntfarms,
thakarepackage,
mohitsud308,
koreyhighness,
besweedplug99,
murdaterpz,
smokummokum,
callcannabis6479778812,
stonerbra420,
aftercloro,
420goesgermany,
lucaschenardi,
placeforstoners,
missdaisysgarden,
legalized5,
straincainers,
smoky_joint,
cannapremium,
fortheloveofweeeed,
cmoney_ent,
high_times_240,
four20lane,
nizate23,
cigarsandpipes,
me.x85,
paulcliffordartist,
kaylame021,
the_czech_welding,
theroomgroupchain,
ocdnyc_,
__one_soul____,
zamnesiaxseeds,
mely_swim,
arthurinselkirk,
dankcorner,
420buddy,
heyhelloitmeyo,
kindbackyardbudz,
smokewithsyn,
thecannabisfairy_,
kompanero.official.australia,
intelligent_hookah,
retro.cigg,
caleidoshopvintage,
shisha_pr0,
smokyshop_babvin,
buanapuguh,
reneslifelimited,
hellboy.hooka,
cannabis.doc,
firestax_,
arabus_crew,
hanzysworld,
beamaboyz,
stardust_interstellar,
coralgandalf,
420marijuana_weed,
littlewingedwolf,
ms420710,
xwubbles,
weed_rgort_wiet9,
zane_420bauer,
jagenetics,
iamthedevilsin,
cannablisspnw,
official_fattisegreti,
goodtimehunting,
brokli_,
terpsrus_miami,
marijuana_rimyoung,
whilehighclub,
plainjaneus,
permaclone,
weednationsoldiers,
cannabis4life.off,
