thewonderful1s,
snapdabs710,
leeternalsunshin3,
bonged,
official_weedsta,
r_u_high2018,
all.that.weed,
aaronbud_420,
thenewsweed,
angelbuilt420,
the_flavour_trap,
pomp_meds_420,
californiacottoncartel,
tortuga.rj,
ilovememes_420,
itsabongfullife,
morgandaplug,
versos.1992,
myobjettrouvevirginiavenango,
rellstyleznj,
the_pampered_potanist,
pickles_osiris,
sweetestoftarts,
cbdpro_herbalguide,
xxgreenthumbxx,
thecloudrat_avp,
wild_hippiechild,
bloomingg_budss,
ubuy_buds_wedeliver,
420_710lab,
cartridges_batteries_wholesale,
ston3r4207,
cali_sungrown_4.2.0,
cannabislounge88,
thc_everyday,
nkehbeda,
capn_black,
ganjahello,
weedweare,
kai_carts_batteries,
nug_runner,
puff_on_this_mackymack3,
chief_loud_llc,
a.r.pipe,
yibenyiwan,
fu.moon_baby,
ltd004,
imgospel_of_matthew,
parishoftranquility,
weeeda.420,
bellamarle420,
withlovescience,
high_society_stoners,
therealkushtube,
official_weed_time,
weyntfarms,
thakarepackage,
mohitsud308,
koreyhighness,
besweedplug99,
murdaterpz,
smokummokum,
callcannabis6479778812,
stonerbra420,
aftercloro,
420goesgermany,
lucaschenardi,
placeforstoners,
missdaisysgarden,
legalized5,
straincainers,
smoky_joint,
cannapremium,
fortheloveofweeeed,
cmoney_ent,
high_times_240,
four20lane,
nizate23,
stoner.kitty.23,
cigarsandpipes,
me.x85,
paulcliffordartist,
kaylame021,
the_czech_welding,
theroomgroupchain,
ocdnyc_,
__one_soul____,
zamnesiaxseeds,
mely_swim,
arthurinselkirk,
dankcorner,
420buddy,
heyhelloitmeyo,
kindbackyardbudz,
smokewithsyn,
thecannabisfairy_,
kompanero.official.australia,
intelligent_hookah,
retro.cigg,
caleidoshopvintage,
shisha_pr0,
smokyshop_babvin,
buanapuguh,
reneslifelimited,
hellboy.hooka,
cannabis.doc,
firestax_,
arabus_crew,
hanzysworld,
beamaboyz,
stardust_interstellar,
coralgandalf,
420marijuana_weed,
littlewingedwolf,
ms420710,
xwubbles,
weed_rgort_wiet9,
zane_420bauer,
jagenetics,
iamthedevilsin,
cannablisspnw,
official_fattisegreti,
goodtimehunting,
brokli_,
terpsrus_miami,
marijuana_rimyoung,
whilehighclub,
plainjaneus,
permaclone,
weednationsoldiers,
cannabis4life.off,
teestory.in,
mskristy_420,
d4grower,
goodvixi,
rainbow420710,
cannaempire,
miss420710,
erayeminaydemir,
ashadublin,
leaklocator,
mizzjennyjane,
pipedewind,
_cannaworld_,
vapesandparts,
svvag.nosedrills,
ganja.chicks,
silicone_pipe,
old_school_new_era,
_tandina,
stonedsznofficial,
twostrainjames,
kitacannabis,
superflashio,
crystalbunnyart,
smokeboxng,
vapejuno,
distinguishedruffian_dach,
damoney720,
kushuniq,
fatbluntsmoke,
cannabis.kush.420,
medicated_vanessa420,
ganja_angell,
tidalgardens,
squishmastersinc,
juformundoanimal,
tankaddicts,
420hunnys,
ela_jacqueline,
wdhookah,
basrahlounge,
moskalyan_novoslobodskaya,
juulenargentina,
leavenworthcoughyinc,
2girlz1bowl,
weedarmy.420,
vojglass,
moskalyan_prospektmira,
freiraumhannover,
aminabaadi,
cigaronne.world,
cs_photo_artist,
clouty_cultivators,
1905paris,
ex.tractor,
chemalishisha,
soulscry666,
baked.kales,
maryjanes.models,
ziggipapers,
ganjandglass,
honeybaby_2015,
opusorganics,
magicaleuropeblog,
crecergreenlabs,
420princesspothead,
lyftedextractsla,
angelicagillholm,
globgoddess420_,
onehitoneda,
stonedlilalien,
metuchensmokeshopnj,
dr_kushblunt,
sydney_slabs,
sirsmokealot_az,
mysteryinc_shaggy,
greazygreenz,
shopcannabella,
zoenails6,
i.jinxy,
rochiprimcas,
sorayamagnetism,
juni_zwilling,
hurricane33zero,
groshop_sarl,
otw420,
ukbudbrothers,
soulful.bowls,
bayarea420network,
paramountimports,
nancy_botwyn420,
syarneel,
missyvapes,
mj_smokeshop,
mr_redziert,
puff.passion,
flowerhousegenetics,
_theveganrose_,
honeybomberdesigns,
mrs_zkittlez_,
mellow420mom,
o.g_pennylane,
420greenparadise,
demdanknugz,
tryhard19882011,
schoob.tha.stoner27,
brilliantly_pure,
electrostonerbuds,
findjoyintheordinary,
lord_zuko_the_firebender,
panda.tokess,
cannabiswrld_,
legendaryremedies_ceo,
cecepotttt,
bees_gardens_co,
210sfarms,
darrellschultz420,
kindbuffal0,
crazy_green_grass,
puffingmama,
stellar710,
roundtableselections,
blazed_bunny95,
dragon_lungss,
lebalove,
kushycat420,
cannaology617,
greenqueenonlydank,
livinweedy,
lovindatreez_,
thecannabisconnoisseursclub,
southsidememess,
welovetagz,
stompdownkilla666,
420kaosdistrojakarta,
panic.grp,
weed_del_bueno,
clipper_crazy,
craftedglobal,
dimension_420,
rickycrafted,
thehempcompanyottawa,
weed_mafia,
higheraesthetic,
hempbunnyco,
chron_don_grows,
higher.standards420,
weetonlinestoreworldwhite,
alicexjewell,
kush.faerie,
young.wild_nd_free,
weed_13_kush_,
albert_cruze1,
mr_swed420,
purplelambov12,
hippiemoo,
window_lights,
secretstonerstl,
doyleguitars,
getstokesofficial,
kushmagazine,
kronic101,
bluehigh020,
blazervibes,
dtpgofficial,
dividerpro,
hempjoystore,
istefhanie,
weed_altagracia,
itsabudifulday,
mundo_noia_420,
lincolnduende,
dublanek,
enjoy_cannabis,
shakira.dazodiak,
cali.b2u,
the.cbd.king,
highsenherbs,
davellanet,
clood710,
marijulana,
rawsta_life,
wedd.trip.space_420,
apachequeando,
sarah.cbdvape_factorysales,
rasta.armia,
sarah.1love.1nation,
hype2overdose,
highlife_blazin0g,
greencrackdaily,
heycmi_,
ladytreedom,
squishiepix,
domka.design,
35murat6464,
italian_connect_24_7,
chris130789,
javamostro,
dwarvenpipes,
marijuana.dead,
medicatedmarcus,
caligrowkits,
parodime710,
vayea.cbd.thc_cartridge,
rowntr33z,
muhengyo,
marine_alchimie,
shatterboxenail,
the_ethnic_storee,
vishnu_.viswanath,
bobbycrayphotography,
blackmamba_1992,
rae.thebeautystl,
shishapassion17,
myata_polyanka,
flowersforhan,
dhuaanfest,
unleashsound,
tabacaria_fam,
weed_iga,
thatmedicatedgirl,
kronic_care,
hookahplace_tlt,
kalyani_akvareli,
joyhookah.dp,
cuba.gtn,
romanenko_hookahmaster1,
gia_mas_restaurant,
janelyfe,
iwantmypineapple,
viralbeatss,
lifevibegaze,
mintowana,
emeraldskyway,
seacoaststashbox,
pbmg_bigtee,
ocorybaxter,
whoisryanp,
argilehcigarlounge,
tabacariasahara,
tygra_babespromo,
tygra09,
tygra19,
hec9326,
matheusleandro_oficial,
drug.dyma.stav,
sh.neaaky,
geo_ceo,
hookahboyzla,
greenhands1234,
kingcobraconcentrates,
mohighwithmarley,
mac.glass,
kylaleelawyer,
project422,
highlife_design,
loloenterprises,
fifteendigitz,
rizagreen,
rosinjunky,
tonasketthunder,
mymedpics,
thegabri3l,
packqueen_,
urbanhippies,
itrim_calibuds,
redpilled_mike,
dalethomas5150,
blumftable,
iamazingmemes,
sinisterbudbaron,
save_the_clocktow3r,
dutchie420x,
akillart,
mallorypringle,
bear.stoned,
rosinrancher,
spazticstoner,
beyonce_bowls,
rossir6,
union710_clothing,
dabstonian,
toilet.meme,
weedvolao,
piotrsidorowicz,
roundthr33,
wf4lwraps,
cameoatvalparty,
blackwidow_420,
weuponitdotcom1,
buddiesheadshop,
jaggerjack.sw,
blunt.gypsy,
maryjuaniita,
rcsurf1,
ariesartnw,
davidcostaa_,
jessrozelle.kushbottles,
tabacariasmart,
or4ata,
rocknrollitwilliamsway,
deltahookah,
baiertim,
yokohamaroyalsmoke,
jose_rs85,
n8_lounge,
cafe.vegas.vienna,
saraykahvesikultur,
samukilondon,
salondetealyabal,
kahvederyasiserdivan,
ninarooneyhair,
alexander__winter,
muzesocialhouse,
hookah_colors,
garage_bar_vld,
serebrokaraoke,
tuman_vol,
banka_vo,
shaxmat161,
elcapo_kiev,
__ksi.2001.1992__,
free_zone_krasnoturinsk,
vape_smoke_shisha,
black_beard_estal,
meftunizm,
promotionsdmv,
hookahbrotherup,
frozen_courage,
angelpromotion1,
fairouzhookahlounge,
narguiledobrasil,
demashqcafe,
alabartolainc,
smokekingsqbbx,
stonedlist,
rorshaq_the_anarchist,
weedible420,
rpgstoned,
terpntime508,
haze_mary420,
fresno_dab_house,
birulieta,
gpenmalaysia,
_k.420,
mexican420grower,
prehistoric_genetics,
nugs0fsandwell,
boodabizkitz,
cannarocker,
blazeitondelivery,
theebadwolfe,
cuatroveinteindoor,
jbsfulfillment,
smocannabis,
4twenty.seven10,
ballmoreone,
foreverhigherthanhigh710,
gypsybuttonvintage,
massbudconnect_,
rv_ism,
truehallucinationsclothing,
jeremywalkwitz,
sincityexotixx,
budcofarms,
dope_trays,
dabbin.pey,
radiffkushman,
kosherfarm,
kickznkush_6ix,
perfect_pass_420,
maniloyar,
thefrostyfew,
kushprincessjasmine,
high5iveclub,
elemental_glass,
goldcrown.losangeles,
ladyandherbong,
mistah_spacely,
keepitglassy,
canna_canabuds,
savardskvlll_420,
lovelydata420,
sabrina_rose_lewis,
lancel_baddums,
calcifer_420,
cydnqueers,
ganjaindian,
grim_reefer_farms,
lewissebiya,
vancityskush,
blackplagueproductions,
enkushados420,
njvapemeds,
samuel.ochoa.a,
saltyhippieprincess,
yodaatemycat,
radyelgallo,
weedywoods,
kush.energy,
420._babe,
she_rock420,
cloudmunchies420,
oxdankbank,
babydoll8527,
el_fuckin_tigre,
nhacoma_011,
chilecultivaoficial,
cat_von_dick,
jacobranta,
dr.thc._,
mother_fucker_you_love_to_hate,
aro.chomsky,
borocollectors,
notamarijuanapage,
logiiee_beaar420,
stonedinshades,
txj713,
stonedandcurvy,
piffbunner9000,
mmprontheeastcoast,
joel_keygrow,
joannimal_,
ophyslife,
hookahtlt,
sports_bar_tortuga,
vlad_kharlamoov,
andarilko,
whitewolf_kzn,
hookah_catering161,
kalyan_sheikh,
shahta_ekb,
king_2001vf,
reggi_red_de,
fars_art,
tonimontana1102,
myznikov_ferro,
hookahace,
the_high_photographer,
truffles_kush_biatch,
weed_land_shop,
geo_urban_hippie,
tonyortiz14music,
yescanna,
reupclub_420_marketplace,
unasecaporelloco1,
illasnaps,
ambro_yo1,
peaceloveandharmonyphotography,
myfavememes420,
mothernature661,
kelvinspec92,
the1sashadiaz,
360grow420,
heavenscentpharms,
babybudderfly,
bigdodge710,
fyahja,
illegal_activities420,
theoggfiend,
wesley_jones45,
jo3lr420,
thewhitegrowrilla,
c4distro_eddy,
fabricio_officiall,
blazed_n_confuzed,
yourdailystrain420,
reddz_medz,
6thstreetvapeandsmoke,
balaclavaman_710,
weedno_1,
thaphantum,
heavensstairways7,
niiicoleee_ann,
lilblunt1620,
thecheifin_vegan,
josgrow,
forest.ofthe.foxes,
trippie_land,
bloodwreckwest,
meducatedvet,
terpy_trev,
letsrollup_1,
907_medicinewoman,
710_terp_queen,
royaltree_family_lifestyle,
belowzeropakalolo,
lakehouseglass,
bojan_horseman,
aurateaandhookah,
mohammadsabah2709,
llokumi_lluginez,
cjtabacariaoficial,
just.smook,
hotpepesoup,
shisharoyaletobacco,
just.smook2,
reiiling,
aidishisha,
shirebecca_,
warkopgandeng,
nachtcafe.augsburg,
hookahrista,
sid.star,
tashaphillips6921,
gypsy_inhale,
getbrunch,
juicelmp,
palmsprings_oasis,
inova.narga,
rompe_hookahs,
boawent,
b.dat.mc,
rabbithookahtabacaria,
ruthlessssssssssss,
gscups,
eclectic_ladyland_blog,
ancientcreationsceramics,
millwoodbbq,
retnuh.mi,
xdeadxdollx,
pabloaltega3663,
aster_mims,
irieheadshop,
weedscomedy,
greenwest793,
joe_weed9,
its_just_taryn,
tabtalia,
marztcod,
unwn.volao,
skinny.skate,
shaun.865.dickson91,
theperkshop,
memegles,
cvg_420_fresno,
rhinoonthemoon,
master_smokers,
saintpablo_krd,
ebottles420,
bangs___,
laperlagrowshop,
2twonine9,
highsouthpr,
whiskeymoments,
kingkushgrapegod,
socialize_baretti_chiaia,
kit.film,
official.salmanabbasi,
euugni,
america.weed,
jameshubs,
wardogcity,
caelismokeandvape,
smokin_lion,
black_out_kzn,
umutboragokcen.3,
jahvell757,
legitb757,
teteriaversace,
_hookah_basement_,
meme_i_is_,
nikemeyes,
spookybudz,
razzmatazz_dank,
fogey420,
killakamarnoldmma,
jupitersmokes_,
mamaturayimova16c,
pretyinpunk1986,
meyherineii,
princessoftheclouds72,
canna.burr,
kellez_69,
chronickat713,
wesmokedit,
why._.suri,
misssmokesalot42,
cannabis.squad_420,
the_official_kelly_k,
stoned_corpse,
rey.volt,
ugurakyalcin,
cikoarslan87,
your_boy_2o17,
istanasangkutshisha,
shishakinghtx,
zedoarguile,
ibo__unal,
el_sahara_official_tirana,
metze_r6,
chachi_0707,
happy.plant.weed,
skunkandsour,
pot_slime1326,
rachelz_corner,
faded_mama,
uk710wales,
anita_dropnshop12,
cannabiscultureofficial,
webeeatin420,
know_your_fucking_enemy,
medicated.vibes024,
mindsketchin,
the_dandy_dabber,
grow_with_leds,
b0nni3_spark0,
iguanablanes_,
ganjawithyou,
workflowstatus,
rezin_mestizo,
bembelgrower069,
lee_scort,
wild.cannabis,
wakeupandbakeup__,
budlocks,
sugen_pillay1,
antiteesi,
bestbudsfarm207,
dazarabiasmoke,
seninaomi,
all_bud,
aktau_janymsol_hookah,
lethy_mermaid,
5ive1ne9ine_,
hongski_,
mothership_glass.fans,
seshyjesse,
cannaisseurmx,
leafponapp,
the_monster277,
tripartvisor.official,
garyapah,
backwoods_adk710,
learn_your_strain,
mrs_cuttings,
growerfarm,
pro420scissors,
_twosmokesletsgrow,
onlyganja,
sedusexx_x,
spursbroken,
bing_glass,
wearesolventless,
gorgeousnugs,
therealmbake,
ladyweedy,
berealer_m3,
weedblessings,
fourtwentiblaze,
xxbethany.mariexx,
seba_azzolini,
budbrothers_,
frequencymobb,
mmmfilm,
theiziweed,
gothboi_shinobi,
thcpreme.508,
dab_marino510,
spacetown.space,
r_a_j_a_s_h_r_i,
favebabys,
bohm_eric,
jan_van_fuck,
worldofsmokenvape_calleocho,
skanfie,
hookah_is_dream,
ranger_cc,
marcokerchner,
stopwaitnow,
hookah4lounge,
odezhda9433,
korobka_smoke,
premium_tobaccoff,
dimas_sergeevich36,
dym_ok__bataysk,
flashfrozencured,
arsnic_and_lace,
cordaroguillaume,
lesskortov,
mikimanson,
_fyure,
weedforlife087,
boroaddicted__,
bubbarootfarms,
midzotic,
boro_collector,
pencil_head_larry,
johnstonglass,
thewonderful1s,
ave_travolta,
tchzen,
drdamage_,
el_casper_pjbz,
strevor420,
inc.smoothcriminal,
ilich_fuckin_orsini,
smoaklandbrand,
cannabully_group,
aliens_rx_edomex,
weed.420.thc,
kindbot,
tuesdaynightlivenyc,
xambra_narguilera,
bigmo_bbb,
smokedjohny,
wordupopenmic,
lairevents,
wixpix369,
namastaymolokai,
tangyglass,
sussexgroove,
diaryofamodmom,
peacebudz,
canabitecasp,
thefourtwenty.life,
funwithpot,
curtesy_of_the_wolf,
niceshotzzprivate,
blazekitchen,
the_robertcochranshow,
420cannabis.canadian,
takea_trip_withme,
stoner_gourme,
fearsomecottonmouth,
lontras3friends,
ashh420,
mdcannainsider,
420humor420,
smokeology.ca,
weedventory,
weedyempire,
mikes420macros,
thedevilscoffeetable,
itsblazedtravis,
rafaelc79,
weeds.gram420,
iaramarijuana,
richie_and_maryjane,
monterocigars1939,
optwo13,
allan.mcmane25,
respectmyregion.us,
weedoofficial,
420_discounts,
_italy_cannabis_club_barcelona,
myles_steve_420,
jointcatania,
badseed710,
nasm86,
_khasijokes2_,
taniacardozzo_,
orthphysio,
benjimama9113,
glamorouscannabis,
lifeonroute420,
burystsmoke247,
budmother,
thestonedmuggle,
drew_smokusfocus,
cosechatusderechos,
_weed_smoke_420,
devils_lettuce_dabs_420,
elnumerounobcn,
growshop2.0,
verdeganja420,
xhighman,
zuravarshanidzee,
k_freak96,
virginiecorminboeuf,
simonchantrait,
skarbadar,
time.for.weed420,
yumyumgoodgoodnicenice,
laquebranza,
hemptreez876,
gordonkush,
plantgame_bobross,
mojo_brothers,
milostrations,
siyahsessizlik7,
melodysmokes,
shamrockcannabis,
benediktdanninger,
tony_dee_designs,
dmszje,
__alcoholic,
dutch_growers,
ziggiezllc,
weed420legaliz,
baked_to_perfection420,
biggnome,
dr.greenthumb.949,
budcityexpress,
_theloudcloud,
madmoepics,
bc.bud.dispensary,
smoke_connoisseur_,
kalyan_baraholka_21,
mr_tobacco_jacksonville,
djpcali,
hookah_loverss,
atctabacaria,
thecollectorsentertainment,
casagrillandbar,
antiqueandvintagejewerlry,
blacksidaz,
theburstmode10,
greengirlmaryjane,
linguagenesis,
agape_painting,
zenith_ace_,
ladydreambud,
jdjc1987,
plantedempire,
htbadd,
the_tattooed_skull,
selectedgenetics,
dillon21088,
tyaga18,
daily_doobies,
dabalina420babe,
weed.m.420,
organico_weedshop,
shishka_kh_nd,
blatosphera_lounge_bar,
garchi1,
jaltashop,
tavernaloungebar,
loungeblackberry,
el_barrio_food,
anapa_chicago_hookah,
lounge_zone_39,
dm_compassion_center,
livitygrow,
thereal_davidbanda,
kryptic,
lady_ironlung,
ajnatureswonder420,
barcelona_social_cannabis_club,
straightgasnj,
biocellfoodsolutions,
the_daily_knockout_3,
emoczo76,
kurtart._,
borie09,
5dank5sinatra9,
kana.dagar,
greentowergardens,
weed.princesses,
nsd420,
destinweed1122,
sharelove420,
thehousecandythc,
the_cannabis_dog,
mynameisearl710,
dabsmcgee_710,
trippy_haze.420,
obsessiweed420,
tompaulmac,
skeejus,
nairabet.com_08105034825,
jwhistle,
m_valley,
agrobabylon,
felipe.arrais77,
budpastoralemao,
enemyofthem,
moose155,
theatticnewyork,
__itsallpretendtho__,
golbazi__,
ketoprincess420,
drei_mal_vier,
ashley_k_merch,
carexuslifedispensary,
boston_420,
thickkchrist,
washconorml,
gashousevapours,
indicagrow420,
captain_packs,
marijuanasllife,
david_car_sicily,
official.nongkronggarasi,
dreamhookahri,
topflighthookah,
shishabarkemang,
forrestmansion,
dunya.dandenong,
riverbankcannabis,
lazy_stay_hazy,
pnwautogrower,
the_cloudery,
mamamerasmedibles,
suburbanspeedball,
stsin191,
tokeydopey,
jamessultan930,
smoholics,
thc_cones,
hempseedhippie,
adneyfrank,
ohhellyeahbitch_,
legalleafllc,
dabapparels,
eirbud.irl,
budblaster,
caffeine_ovrdse_,
alpha_cannabis_entertainment,
chinese_foodie,
kiffer_.bilder_,
fotobraso,
bentleyvapors,
stonerethnicity,
rickdeladimension420,
wiredongreen,
weed.ballert,
lastfreecreature,
jose_paredes19,
cosmicvibeofficial,
goddesskaee1111,
jamesronzs,
azura_haze,
muertotuerto,
sergiosilvercoz,
cannabizzyy,
greenweeds4daze,
cashs_life,
m_polczynski,
cannabinoid_710,
mrchong.uk,
jenkins_willard,
bksstraintrain,
freeshmokes,
dysfunctional_foxx,
nirvana_state_of_mind_1,
bittersweetsnow17,
the_avery_show,
vermontgrowcoaching,
doeoftime,
dabswithderick,
mindbodyhealthcbd,
roll.hero,
spainweeds,
exoticcartridge2018,
420caliweedfarm23,
nugglitrep,
thebrogamerx11,
dwize_420,
gee486,
sparo74,
miasorellaefatta,
magikcity30,
weedo_maximus,
francisjudegg,
ltd004,
cush.i.kushanti,
hiddenleaf_sd,
upanrisingoffthetop,
crimsonghost08,
thedankmemesgod,
omega00f,
cbd_vape_cartridges01,
greentrees105,
marijuana_fantasy,
kmerra87,
txstuffandthings,
hempoilworx,
loveweedhatesnakes,
420.unicorn,
conkidd_nmest,
swissqueencbd,
elcarnavaljujuy,
soundandsmokerings,
5toned_heart,
lascholassinvarrio,
borcheltrobbie,
jessijay.az,
